{"accelZ": 0.5106200916358014, "accelX": 0.024681953571842774, "accelY": 0.8658545655978128, "magBrakePosition": 5.613628539630513, "wheelSpeed": 138.72758046521676, "serialIMX2": 0, "attitudeZ": "joyful", "attitudeY": "enlightened", "attitudeX": "hopeful", "batCurrent": 13.883857807582132, "serialSAM1": 0, "serialSAM2": 0, "calSpeed": 19.54358710910463, "angularRateX": 3.570123599700341, "angularRateY": 9.816876363354456, "angularRateZ": 11.198735966147533, "dBrakeForce": 14.080112488540916, "timestamp": "16:49:00.555099", "pressure": 5.355773492764775, "yawPosition": 13.968199338721178, "systemErrors": "All is according to plan (Not an actual value)", "operationMode": 2.084651494278371, "batVoltage": 14.747469551680155, "magLevPosition": 8.047618871466709, "temp": 231690, "dBrakePosition": 12.896634429104548, "position": 756187, "systemAlerts": "Ignorance is Bliss (Not an actual value)"}